{"cameraMode":{"drawMode":0,"name":"Shaded","section":"Shading Mode"},"sceneLighting":false,"audioPlay":false,"sceneViewState":{"m_AlwaysRefresh":false,"showFog":true,"showSkybox":false,"showFlares":true,"showImageEffects":true,"showParticleSystems":true,"showVisualEffectGraphs":true,"m_FxEnabled":true},"in2DMode":false,"pivot":{"x":-0.31711649894714358,"y":1.06485915184021,"z":0.588482141494751},"rotation":{"x":-0.049139589071273807,"y":0.9001429080963135,"z":-0.10524648427963257,"w":-0.41993990540504458},"size":0.8660253882408142,"orthographic":false}