{"cameraMode":{"drawMode":0,"name":"Shaded","section":"Shading Mode"},"sceneLighting":false,"audioPlay":false,"sceneViewState":{"m_AlwaysRefresh":false,"showFog":true,"showSkybox":false,"showFlares":true,"showImageEffects":true,"showParticleSystems":true,"showVisualEffectGraphs":true,"m_FxEnabled":true},"in2DMode":false,"pivot":{"x":-4.245828628540039,"y":1.8493306636810303,"z":-3.8459701538085939},"rotation":{"x":0.07224752008914948,"y":-0.8214823603630066,"z":0.10681522637605667,"w":0.5555242896080017},"size":13.212210655212403,"orthographic":false}