{"cameraMode":{"drawMode":0,"name":"Shaded","section":"Shading Mode"},"sceneLighting":true,"audioPlay":false,"sceneViewState":{"m_AlwaysRefresh":false,"showFog":true,"showSkybox":true,"showFlares":true,"showImageEffects":true,"showParticleSystems":true,"showVisualEffectGraphs":true,"m_FxEnabled":true},"in2DMode":false,"pivot":{"x":1.117715835571289,"y":2.4594533443450929,"z":33.92880630493164},"rotation":{"x":0.2171446681022644,"y":-0.06230607256293297,"z":0.013851271942257882,"w":0.974187433719635},"size":21.270063400268556,"orthographic":false}